﻿<Life population="36" generation="36" size="5000,5000">
  <Cell>1,5</Cell>
  <Cell>1,6</Cell>
  <Cell>2,6</Cell>
  <Cell>2,5</Cell>
  <Cell>11,5</Cell>
  <Cell>11,6</Cell>
  <Cell>11,7</Cell>
  <Cell>12,4</Cell>
  <Cell>13,3</Cell>
  <Cell>14,3</Cell>
  <Cell>16,4</Cell>
  <Cell>17,5</Cell>
  <Cell>17,6</Cell>
  <Cell>17,7</Cell>
  <Cell>18,6</Cell>
  <Cell>15,6</Cell>
  <Cell>16,8</Cell>
  <Cell>12,8</Cell>
  <Cell>13,9</Cell>
  <Cell>14,9</Cell>
  <Cell>21,5</Cell>
  <Cell>21,4</Cell>
  <Cell>21,3</Cell>
  <Cell>22,3</Cell>
  <Cell>22,4</Cell>
  <Cell>22,5</Cell>
  <Cell>23,2</Cell>
  <Cell>25,2</Cell>
  <Cell>25,1</Cell>
  <Cell>23,6</Cell>
  <Cell>25,6</Cell>
  <Cell>25,7</Cell>
  <Cell>35,3</Cell>
  <Cell>36,3</Cell>
  <Cell>36,4</Cell>
  <Cell>35,4</Cell>
</Life>