﻿<Life population="28" generation="0" size="5000,5000">
  <Cell>1,1</Cell>
  <Cell>2,1</Cell>
  <Cell>3,1</Cell>
  <Cell>4,1</Cell>
  <Cell>5,1</Cell>
  <Cell>6,1</Cell>
  <Cell>7,1</Cell>
  <Cell>8,1</Cell>
  <Cell>10,1</Cell>
  <Cell>11,1</Cell>
  <Cell>12,1</Cell>
  <Cell>13,1</Cell>
  <Cell>14,1</Cell>
  <Cell>18,1</Cell>
  <Cell>19,1</Cell>
  <Cell>20,1</Cell>
  <Cell>27,1</Cell>
  <Cell>28,1</Cell>
  <Cell>29,1</Cell>
  <Cell>30,1</Cell>
  <Cell>31,1</Cell>
  <Cell>32,1</Cell>
  <Cell>33,1</Cell>
  <Cell>35,1</Cell>
  <Cell>36,1</Cell>
  <Cell>37,1</Cell>
  <Cell>38,1</Cell>
  <Cell>39,1</Cell>
</Life>